TEAM,GP,W,L,WIN%,MIN,PTS,FGM,FGA,FG%,3PM,3PA,3P%,FTM,FTA,FT%,OREB,DREB,REB,AST,TOV,STL,BLK,BLKA,PF,PFD,+/-,SEASON,CHAMPION
Golden State Warriors,17,16,1,0.941,48,119.3,42.9,87,49.4,12.7,32.9,38.6,20.7,25.4,81.5,9.3,36.5,45.8,28.2,13.6,8.7,6.1,3.8,21.8,21.6,13.5,2017,1
Cleveland Cavaliers,18,13,5,0.722,48,116.2,40.9,83.1,49.3,14.2,33.9,42,20.1,26.2,76.7,9.2,32.9,42.2,22.1,13.1,7.4,4.7,3.8,18.8,22.3,7.9,2017,0
Houston Rockets,11,6,5,0.545,48.5,107.7,37.3,85,43.9,12.8,38.5,33.3,20.4,25.8,78.9,9.9,33,42.9,19.5,14,7.7,4.6,7,20.9,19.5,1.2,2017,0
Washington Wizards,13,7,6,0.538,48.4,108.1,40.1,87.6,45.7,8.4,26.5,31.7,19.5,24.6,79.4,11.2,31.8,43,22.8,13.8,7.9,6.6,4.4,23,22.5,0,2017,0
Boston Celtics,18,9,9,0.5,48.3,105.2,38.4,84.1,45.7,12.7,34.4,36.9,15.7,20.3,77.3,9.4,28.5,37.9,26.9,13.4,7.7,4.1,5.2,20.8,19,-2.9,2017,0
San Antonio Spurs,16,8,8,0.5,48.6,107.1,40,86.6,46.2,8.6,24.4,35,18.5,23.9,77.3,12.8,31.7,44.4,21.3,12.8,7.8,4.7,3.9,18.8,21.3,1,2017,0
LA Clippers,7,3,4,0.429,48,97.7,36.4,77,47.3,8.1,23.4,34.8,16.7,24,69.6,7.7,30,37.7,18.4,12.1,6.3,2.4,3.1,20.3,20.9,-1.1,2017,0
Toronto Raptors,10,4,6,0.4,48,96.7,35.3,79.5,44.4,7.8,23.5,33.2,18.3,22.5,81.3,6.8,32.5,39.3,19.6,12.9,7.4,4.4,5,20.9,19.9,-5.7,2017,0
Utah Jazz,11,4,7,0.364,48,97.8,35.6,78.4,45.5,9.5,25.9,36.5,17.1,23.4,73.2,6.7,32.4,39.1,19.7,12.1,7.4,3.2,3.3,21.1,20.4,-4.7,2017,0
Milwaukee Bucks,6,2,4,0.333,48,93.2,34.8,78.2,44.6,9,21.7,41.5,14.5,20.8,69.6,8.2,29.8,38,21.2,13.3,8.2,5,4.7,21.3,21.2,-0.7,2017,0
Atlanta Hawks,6,2,4,0.333,48,105.5,37.5,84.5,44.4,8.3,27.3,30.5,22.2,29,76.4,11.3,33,44.3,22.3,16,6,3.3,7.5,21.3,24.8,-1.2,2017,0
Chicago Bulls,6,2,4,0.333,48,96.5,36.3,82.5,44,7,23.5,29.8,16.8,19.8,84.9,12.5,34.2,46.7,20,15.3,7.2,5.2,3.7,18.3,17.2,-6.8,2017,0
Memphis Grizzlies,6,2,4,0.333,48.8,96.3,34.7,77.2,44.9,9.3,24.2,38.6,17.7,20.3,86.9,7.7,27.8,35.5,18.8,11.3,5.2,2.5,3.8,22.2,19.2,-8.3,2017,0
Oklahoma City Thunder,5,1,4,0.2,48,104.2,38.6,87.4,44.2,8.4,27,31.1,18.6,27,68.9,12.2,31.4,43.6,19.8,12.8,8.4,8,5,22.2,22.6,-8.6,2017,0
Portland Trail Blazers,4,0,4,0,48,101.5,35.5,89.5,39.7,11,34,32.4,19.5,24.3,80.4,10,34,44,15.8,15.3,7.3,4.8,10.3,21.8,18.8,-18,2017,0
Indiana Pacers,4,0,4,0,48,108.8,40.5,87,46.6,11.3,28.8,39.1,16.5,21.5,76.7,11.8,30.3,42,22.5,13.3,8,3.8,6.3,22.8,18.3,-4,2017,0
Cleveland Cavaliers,21,16,5,0.762,48,104.8,38.3,81.8,46.9,12.3,30.2,40.6,15.8,21.8,72.5,10.7,32.6,43.3,21.2,12.5,7.8,4.2,4.5,19.6,21,8.6,2016,1
Golden State Warriors,24,15,9,0.625,48.2,107.7,38.9,85.6,45.5,12.8,32.4,39.3,17.1,23.3,73.5,10.5,32.7,43.2,24.3,14,8,5.5,5.2,22,22.1,4.4,2016,0
Oklahoma City Thunder,18,11,7,0.611,48,106.4,38.2,84.5,45.2,8.3,24.9,33.3,21.7,27.6,78.6,12.5,34.4,46.9,20.5,13.9,7.7,5.4,4,20.3,21.2,5.3,2016,0
San Antonio Spurs,10,6,4,0.6,48,102,38.7,82.5,46.9,8.2,19.1,42.9,16.4,20.5,80,7.9,31.6,39.5,21.3,11.6,9.1,7,4.7,18.2,19.9,9.1,2016,0
Toronto Raptors,20,10,10,0.5,48.8,93.4,34.3,81.4,42.1,6.9,23,29.8,18.1,24.5,73.7,10.8,29.6,40.4,15.7,13,7.5,3.7,4.9,21.9,20.5,-4.3,2016,0
Miami Heat,14,7,7,0.5,49.1,96.9,36.9,80.5,45.8,6.9,19.1,35.8,16.3,21.3,76.5,9.1,35.1,44.2,16.4,13.1,5.4,5.9,3.4,21.2,19.6,3.1,2016,0
Portland Trail Blazers,11,5,6,0.455,48.5,105,37.1,89.1,41.6,11.9,31.3,38.1,18.9,25.5,74,12.9,34.7,47.6,21.5,13.1,6.2,3.9,5.9,23.5,21.8,-2.5,2016,0
Indiana Pacers,7,3,4,0.429,48,93.7,33,74.9,44.1,8.1,21.3,38.3,19.6,23.9,82,9.1,30.1,39.3,18.1,14.4,7.6,5.6,4.6,22.3,21.7,1.4,2016,0
Charlotte Hornets,7,3,4,0.429,48,90.3,31.9,80.4,39.6,5.7,18.6,30.8,20.9,24.9,83.9,7.1,29.7,36.9,13.6,9.4,5.7,3.3,7.1,17.4,21.6,-8.9,2016,0
Atlanta Hawks,10,4,6,0.4,48.5,100.1,36.6,84.8,43.2,10.6,31.8,33.3,16.3,20.5,79.5,8.9,35.4,44.3,22.6,14.4,7.5,7.6,5.5,20.2,20.9,-1,2016,0
LA Clippers,6,2,4,0.333,48,98.3,37.2,85,43.7,5.7,19.5,29.1,18.3,29.3,62.5,11.3,34.8,46.2,18.2,9.7,8.5,4.7,3.5,20.5,23.8,1,2016,0
Boston Celtics,6,2,4,0.333,48.8,93.8,34.3,89.5,38.4,8.7,31.5,27.5,16.5,21,78.6,10.7,35.3,46,21,14.7,6.3,6.5,8.7,22,20,-6.7,2016,0
Houston Rockets,5,1,4,0.2,48,91.2,33,85.6,38.6,7.6,28.4,26.8,17.6,27.4,64.2,14.4,33,47.4,18,19,8.4,4.2,5.4,25.6,22.2,-18.8,2016,0
Dallas Mavericks,5,1,4,0.2,48,93.8,35.4,81.2,43.6,6.2,21.4,29,16.8,24.2,69.4,9.2,25.8,35,20.6,11.8,6,2.4,4.6,24,22.4,-18.2,2016,0
Memphis Grizzlies,4,0,4,0,48,81,32,81.3,39.4,4.8,16,29.7,12.3,17.5,70,13.8,27.3,41,16.5,15.5,7.8,4,9.3,21.5,17.5,-22,2016,0
Detroit Pistons,4,0,4,0,48,95,36,75.3,47.8,8.8,23.3,37.6,14.3,22,64.8,7,30.8,37.8,21.8,10.5,5.3,3.3,2.5,19,20.3,-8.5,2016,0
Golden State Warriors,21,16,5,0.762,48.7,103.3,38.2,84.2,45.3,11.4,30.5,37.4,15.5,22.1,69.9,11.6,34,45.6,24.5,14.6,8,5.8,4.7,22.4,20.9,7.8,2015,1
Cleveland Cavaliers,20,14,6,0.7,48.8,99,34.7,82.7,42,9.8,28.7,34,19.9,26.9,73.8,12.3,34.9,47.1,18,13,6.3,6.4,4.7,20.9,22.5,4,2015,0
Washington Wizards,10,6,4,0.6,48.5,101.1,37.3,84.5,44.1,9.4,23.3,40.3,17.1,23.7,72.2,11.6,35.6,47.2,23.1,14.5,7.1,5.3,4.8,20,21.9,3.9,2015,0
Memphis Grizzlies,11,6,5,0.545,48,94.7,35.7,84.1,42.5,4.4,14,31.2,18.9,22.7,83.2,10.5,32.9,43.5,20.4,11,8.6,4.1,5.6,19.4,20.4,-1.3,2015,0
Houston Rockets,17,9,8,0.529,48,108.2,37.4,83.4,44.8,9.5,27.5,34.4,24,36.7,65.4,10.9,34.8,45.7,21.9,15.5,8.4,5.5,5.4,23.4,27.2,-2.5,2015,0
Chicago Bulls,12,6,6,0.5,48.8,96,35.1,83.8,41.9,9.2,24.6,37.3,16.7,21.5,77.5,11.7,33.8,45.4,22.2,14,7.2,6.6,7.1,18.8,20.3,3.4,2015,0
Atlanta Hawks,16,8,8,0.5,48.6,98,36.9,85.6,43.1,9.1,28.6,31.7,15.2,19.4,78.1,9.8,33.9,43.7,23.8,12.7,8.5,4.9,4.3,19.7,19.2,-0.2,2015,0
Los Angeles Clippers,14,7,7,0.5,48.4,107.8,39.5,84.8,46.6,8.4,25.4,32.9,20.4,30.6,66.7,9.6,35,44.6,22.5,13.1,8.6,5.9,4.9,24.8,25.1,1.4,2015,0
San Antonio Spurs,7,3,4,0.429,48.7,103.4,38.3,85.3,44.9,9.6,26.1,36.6,17.3,25.4,68,11.7,34.7,46.4,24.1,12.1,6.1,4.7,6.1,24.9,20.9,0.4,2015,0
Brooklyn Nets,6,2,4,0.333,48.8,96.3,36.2,83.2,43.5,8.5,24,35.4,15.5,20.8,74.4,9.5,35,44.5,21.7,14.3,7.5,3.3,4.7,19,18.5,-5.5,2015,0
Milwaukee Bucks,6,2,4,0.333,49.7,88.5,34.2,88.2,38.8,5.5,18.2,30.3,14.7,20.8,70.4,12.2,31.5,43.7,20.3,13.2,10.8,6.7,7,21.2,18.8,-12.3,2015,0
Dallas Mavericks,5,1,4,0.2,48,110,41.6,92,45.2,7.6,24.4,31.1,19.2,25.2,76.2,13.6,33.8,47.4,21.2,14.2,7,4.6,5.2,27.2,24.6,-4.2,2015,0
Portland Trail Blazers,5,1,4,0.2,48,93.8,33.4,83.6,40,9.2,26.2,35.1,17.8,21.6,82.4,10,34.2,44.2,16.6,11.6,3.4,5.2,6.2,20.6,20,-6.8,2015,0
Boston Celtics,4,0,4,0,48,94.8,34.8,82.8,42,5.5,21.5,25.6,19.8,25.5,77.5,10,30.8,40.8,20,13.5,5.3,3.8,7.8,26.8,23.3,-9.3,2015,0
New Orleans Pelicans,4,0,4,0,49.3,100.8,38,84.3,45.1,6.8,21.3,31.8,18,22.3,80.9,10.8,31.3,42,23.3,13.5,7.5,5.8,6.3,23.8,19.8,-8,2015,0
Toronto Raptors,4,0,4,0,49.3,96.3,36.8,88.3,41.6,7.5,25,30,15.3,21.3,71.8,8.8,29.8,38.5,19.5,12,7.5,2.3,6.5,25,20.5,-14,2015,0
San Antonio Spurs,23,16,7,0.696,48.2,106.3,39.7,80.9,49.1,8.8,21.6,40.9,18,23.5,76.7,9.4,32.6,42,22.2,12.6,8.1,3.5,3.7,19.8,21.6,9.3,2014,1
Miami Heat,20,13,7,0.65,48,97.3,35.4,72.2,49.1,9.3,23.5,39.6,17.2,22,78,6,28.1,34,18.3,12.2,7.4,3.9,2.8,20.7,19.6,1.8,2014,0
Washington Wizards,11,6,5,0.545,48.5,90.4,34.5,79.7,43.2,5.6,16.8,33.5,15.8,22.7,69.6,11.7,33.2,44.9,19.5,12.8,7.5,5.6,4.3,22.3,21.2,0.9,2014,0
Oklahoma City Thunder,19,10,9,0.526,49.3,102.5,36.6,81.4,45,7.5,23.3,32.3,21.8,26.6,82,11.2,34.1,45.2,19.3,15.1,6.3,6.2,3.1,23,22.2,-1.1,2014,0
Indiana Pacers,19,10,9,0.526,48,91.6,33.6,74.5,45.1,7.3,19.3,38,17,23.4,72.7,8.2,31.3,39.5,18.8,13.6,7.1,4.2,4.3,20.7,21.6,-1,2014,0
Los Angeles Clippers,13,6,7,0.462,48,108.8,39.4,85.4,46.1,9.2,25.8,35.5,20.8,28.5,73,11.4,28.4,39.8,23.8,12.6,9.4,4.4,4.8,24.3,24.1,2,2014,0
Portland Trail Blazers,11,5,6,0.455,49.4,104.3,38.4,87.7,43.7,7.9,22.8,34.7,19.6,24.6,79.7,11.7,32.5,44.2,17.5,13.8,5.9,6,4.3,22.5,23.3,-6.3,2014,0
Golden State Warriors,7,3,4,0.429,48,106.4,38.3,83.1,46,9.6,26.3,36.4,20.3,27.9,72.8,13.1,29.6,42.7,24.4,17.3,7,4.6,5.1,25.3,23,-4.4,2014,0
Memphis Grizzlies,7,3,4,0.429,50.9,96.7,36.7,88.1,41.7,4.4,15.3,29,18.9,25.9,72.9,12.9,29.9,42.7,21.7,11.1,9,2.4,7.6,20.9,23,-5.4,2014,0
Dallas Mavericks,7,3,4,0.429,48,101.1,39.1,86.7,45.1,8.4,22.4,37.6,14.4,18.9,76.5,11.7,29,40.7,19.1,11.4,6.6,4.1,3.6,20.3,19.6,-2,2014,0
Toronto Raptors,7,3,4,0.429,48,96.1,32.7,74.1,44.1,6.6,21,31.3,24.1,29,83.3,10.1,31.6,41.7,17.7,15.3,5.6,3,3.6,25.9,24.1,-1.6,2014,0
Atlanta Hawks,7,3,4,0.429,48,92.4,30.3,78.7,38.5,11.3,32.9,34.3,20.6,24.9,82.8,9.1,30.1,39.3,16.9,13.6,6.6,4.6,6.3,20.9,22.6,-1,2014,0
Brooklyn Nets,12,5,7,0.417,48,95.5,34.8,75.1,46.3,7.8,22.7,34.2,18.3,24.8,73.7,10,27.8,37.8,18.3,12.3,6.9,2.8,4,22.3,22.6,-1.3,2014,0
Houston Rockets,6,2,4,0.333,50.5,112,40.8,91.7,44.5,8.2,25.7,31.8,22.2,29.8,74.3,16.7,32.5,49.2,18.3,13.8,6,5,9.2,26,24.8,0.3,2014,0
Chicago Bulls,5,1,4,0.2,49,90,33.2,78.6,42.2,6.4,19.2,33.3,17.2,22.8,75.4,12.2,29.6,41.8,20.2,13.2,5,4.4,6.6,22,22.2,-4.6,2014,0
Charlotte Bobcats,4,0,4,0,48,92,33.8,75.3,44.9,7.8,21.3,36.5,16.8,23.5,71.3,8.3,31.5,39.8,19.8,15,4.3,4.5,4.5,20.3,19.8,-9.8,2014,0
San Antonio Spurs,21,15,6,0.714,49.4,100.3,38,82.2,46.3,7.9,20.8,37.8,16.4,21.5,76.3,9.7,32.9,42.6,21.9,12.9,7.9,5,4.7,19.1,21.1,7,2013,0
Miami Heat,23,16,7,0.696,48.4,97.1,35.8,76.6,46.8,7.7,20.2,38.1,17.8,23.2,76.6,9.7,28.4,38.1,20.6,13.1,8.3,5.4,3.4,22.2,21,6.4,2013,1
Indiana Pacers,19,11,8,0.579,48.3,91.8,32.2,74.4,43.3,6.3,19.2,32.7,21.1,28.5,74,12.7,32.9,45.6,17.5,16.4,5.4,4.5,4.7,22.4,24.8,0.2,2013,0
Memphis Grizzlies,15,8,7,0.533,49,94.7,34.1,81.5,41.8,4.8,14.8,32.4,21.7,29.1,74.8,11.7,30,41.7,19.3,10.7,7.3,4.6,6.5,22.1,25.3,0.6,2013,0
Golden State Warriors,12,6,6,0.5,49.3,102.7,39,84.4,46.2,8.7,22.3,38.8,16,21.8,73.6,11.5,34.6,46.1,21.7,16.5,6.4,4.9,3.5,23.8,21.9,0.2,2013,0
New York Knicks,12,6,6,0.5,48.4,88.6,33.3,81,41,8,23.3,34.3,14.1,18,78.2,10.7,28.8,39.5,15.1,11.6,8.8,4.3,4.2,23.8,18.9,2.7,2013,0
Oklahoma City Thunder,11,5,6,0.455,48.5,98.5,34.8,81.6,42.7,8.6,24.7,34.9,20.2,24.1,83.8,9.8,33.1,42.9,18.1,13.6,6,7,4.9,24.9,22.1,1.4,2013,0
Brooklyn Nets,7,3,4,0.429,50.1,99.4,37,83.7,44.2,6.1,19.4,31.6,19.3,25.4,75.8,11.7,30.4,42.1,19.9,11.6,6.3,5.6,5.7,19.9,21.7,2,2013,0
Chicago Bulls,12,5,7,0.417,49.3,91.9,35,79.9,43.8,5.4,17,31.9,16.5,22.9,72,11.8,29,40.8,19.5,14.3,6.4,4.6,5.8,22.4,21.2,-6.7,2013,0
Atlanta Hawks,6,2,4,0.333,48,89.3,32.7,77.3,42.2,6.2,18.7,33,17.8,26.2,68.2,8.3,30,38.3,19.2,12.2,7.3,3.8,4.8,24.2,23.8,-5.2,2013,0
Houston Rockets,6,2,4,0.333,48,100,34.3,81,42.4,11.7,33.7,34.7,19.7,27.7,71.1,10.8,32.7,43.5,18,15.8,5.8,5.5,7.3,23.2,24.7,-5.8,2013,0
Denver Nuggets,6,2,4,0.333,48,103,37.2,84.8,43.8,7,22.5,31.1,21.7,29.7,73,11.8,26.8,38.7,21.2,14.5,9,2.8,6.7,23.2,23.5,-4.2,2013,0
Boston Celtics,6,2,4,0.333,48.8,82.3,28.5,69,41.3,6.8,20.7,33.1,18.5,21.5,86,5.2,33.8,39,16.8,17.3,5.5,3,4.3,18.8,21.3,-5.3,2013,0
Los Angeles Clippers,6,2,4,0.333,48,94.7,35.2,75.3,46.7,5.8,19.2,30.4,18.5,23.7,78.2,8.8,28.3,37.2,18,13.3,5.2,5.7,4.2,27.8,23.8,-5.5,2013,0
Milwaukee Bucks,4,0,4,0,48,85.3,33.3,76.8,43.3,6,23,26.1,12.8,20.3,63,8.8,26,34.8,19.8,16.3,10,2.5,4.3,19.8,20.3,-14.8,2013,0
Los Angeles Lakers,4,0,4,0,48,85.3,34.5,78,44.2,5,18.5,27,11.3,18.5,60.8,8.5,31.5,40,18.5,16.5,5.8,5.3,5,17.5,18,-18.8,2013,0
San Antonio Spurs,14,10,4,0.714,48,102,37.9,78.9,48.1,9.4,22.6,41.6,16.7,22.9,73.1,8.6,32,40.6,22.9,14.3,6.5,4.6,7,20.4,20.9,5.9,2012,0
Miami Heat,23,16,7,0.696,48.4,97.3,35,76,46,6.8,19.7,34.7,20.6,27.7,74.4,10.2,30.3,40.4,17.5,13,7.3,5,3.8,20.6,23.9,7.1,2012,1
Oklahoma City Thunder,20,13,7,0.65,48,101.3,37.2,80,46.5,6.8,19.2,35.5,20.1,24.5,82,9.3,30.5,39.8,18,11.6,8.7,6.9,4.1,22.4,20.9,4,2012,0
Boston Celtics,20,11,9,0.55,48.8,89.5,33.8,77.2,43.8,4.7,16.3,28.5,17.3,21.6,79.9,8,31.9,39.9,19.8,13,8.2,4.9,4.4,21.7,19.8,1,2012,0
Indiana Pacers,11,6,5,0.545,48.5,90.9,33.7,79.5,42.4,5.7,17.9,32,17.7,23,77.1,12.4,31.6,44,16.3,15.1,6.9,5.5,5.5,22,20.4,1.4,2012,0
Philadelphia 76ers,13,7,6,0.538,48,85.7,32.1,78.1,41.1,4,13.2,30.4,17.5,24.4,71.9,10.8,31,41.8,18.2,11.5,7.6,5.3,6,18.7,21,-1.2,2012,0
Memphis Grizzlies,7,3,4,0.429,48.7,91.4,32.6,76.3,42.7,3.4,11.9,28.9,22.9,30.7,74.4,13.4,29.3,42.7,16.3,15.4,7.1,4.9,6.1,23.3,25.6,0.7,2012,0
Denver Nuggets,7,3,4,0.429,48,96.7,38.4,89.3,43,5.3,19,27.8,14.6,20.3,71.8,15.4,32.3,47.7,20.9,11.1,7,6.9,9.4,21,18.7,0.4,2012,0
Los Angeles Lakers,12,5,7,0.417,48,94,35.2,83.2,42.3,5.3,17.3,30.4,18.4,23.7,77.8,14.2,30.7,44.8,18.8,12.5,5.8,7.8,7.4,19.7,21.7,-4.2,2012,0
Los Angeles Clippers,11,4,7,0.364,48.5,90.9,34.5,75.3,45.8,6.2,16.4,37.8,15.8,23.7,66.7,8.7,28.1,36.8,17.3,14.7,9.5,6.5,5,24.1,21.5,-4.6,2012,0
Chicago Bulls,6,2,4,0.333,48,84.3,34,80.7,42.1,4.3,12.7,34.2,12,18.5,64.9,11.5,35.3,46.8,22.5,14.3,5.2,6.7,6.3,20.5,18.8,-1.7,2012,0
Atlanta Hawks,6,2,4,0.333,48.8,82.2,31.8,79.3,40.1,5.8,18.8,31,12.7,16.2,78.4,10,32.5,42.5,17.5,15.3,5.5,3.3,6.2,19.8,18.8,-4.7,2012,0
Orlando Magic,5,1,4,0.2,49,83.8,31,77.8,39.8,8.4,24.6,34.1,13.4,19,70.5,9.8,28.6,38.4,17.2,14,6,4.4,6.2,19,19,-10.8,2012,0
New York Knicks,5,1,4,0.2,48,82.8,30.6,73.4,41.7,5,18.2,27.5,16.6,21.8,76.1,12.4,28,40.4,12.6,18.4,6,2.2,3.8,24.2,19.8,-14,2012,0
Dallas Mavericks,4,0,4,0,48,93.3,31.5,78,40.4,8,21.5,37.2,22.3,26.8,83.2,10.5,30,40.5,15.5,14.5,8,3.5,7.3,20.8,24.3,-6.5,2012,0
Utah Jazz,4,0,4,0,48,86.3,32.8,85.8,38.2,2.3,11.3,20,18.5,26.3,70.5,16,32.5,48.5,16.8,13.5,6.5,6.8,5.5,20.3,19.8,-16,2012,0
Dallas Mavericks,21,16,5,0.762,48.2,98.2,34.5,74.9,46.1,8.8,22.2,39.4,20.5,25.4,80.9,9.7,28.7,38.4,20.1,12.9,7.1,4.1,5.1,20.1,21.6,5.8,2011,1
Miami Heat,21,14,7,0.667,48.5,92.8,32.6,73.3,44.5,5.9,17.9,33.1,21.6,27.8,77.7,10.1,30.9,41,16.5,13.9,7.3,6,4.2,19.2,21.5,2.7,2011,0
Chicago Bulls,16,9,7,0.563,48.3,92.5,34,80.6,42.2,6.3,19.2,32.9,18.2,23.2,78.4,13.4,30.2,43.6,20.1,13.6,7.3,6.6,6.4,21.3,19.6,4.3,2011,0
Boston Celtics,9,5,4,0.556,48.6,94.7,35.8,76.9,46.5,7.4,16,46.5,15.7,20.1,77.9,8.9,30.1,39,21,15.7,7.3,4.2,6.4,21.9,19.7,1.3,2011,0
Memphis Grizzlies,13,7,6,0.538,49.9,98.6,36.7,84,43.7,3.8,12.1,31.8,21.4,28.2,76,12.5,30.6,43.1,18.8,13.1,8,6,6.8,23.6,23.7,-0.7,2011,0
Oklahoma City Thunder,17,9,8,0.529,49.5,102.5,35.3,79.7,44.3,6.3,19.9,31.6,25.6,31.4,81.6,13.1,32.9,45.9,17.6,15.4,6.8,7.6,5.2,25,23.1,1.9,2011,0
Atlanta Hawks,12,6,6,0.5,48,86.3,32.9,75.8,43.4,4.5,13.9,32.3,15.9,21.9,72.6,9,28.2,37.2,18.1,12.4,6.3,5,5.3,20.3,20,-4.4,2011,0
Los Angeles Lakers,10,4,6,0.4,48,93.2,34.7,77.8,44.6,4.8,16.6,28.9,19,24.5,77.6,12.6,28.3,40.9,18.9,12.5,6.9,5.1,3.7,20.6,21.6,-1.3,2011,0
New Orleans Hornets,6,2,4,0.333,48,89.3,32.8,71.8,45.7,4.5,14,32.1,19.2,25.8,74.2,7.7,25.8,33.5,20.2,12.8,7.2,3,5.8,23.7,21.2,-7.2,2011,0
Orlando Magic,6,2,4,0.333,48,88.7,31,75.8,40.9,6.2,23.5,26.2,20.5,27.8,73.7,11.8,30.5,42.3,14.5,12.8,6.5,4,3.8,21.5,24.2,1.8,2011,0
Portland Trail Blazers,6,2,4,0.333,48,88.2,33.2,73.2,45.3,5,16.7,30,16.8,21.5,78.3,9.2,28.5,37.7,17,11.5,5.7,5.2,3.7,20.8,19.5,-5.2,2011,0
San Antonio Spurs,6,2,4,0.333,48.8,94.3,33.7,77.2,43.6,5.3,18.2,29.4,21.7,28.5,76,10.2,31.5,41.7,17.8,14.3,7.3,5.8,4.8,21.5,24.5,-3.2,2011,0
Indiana Pacers,5,1,4,0.2,48,90.2,32.8,80.2,40.9,5.8,15.4,37.7,18.8,24.4,77,13,25.4,38.4,16,15.2,8.2,5.6,7.6,23,22.2,-7.4,2011,0
Denver Nuggets,5,1,4,0.2,48,97.4,32.6,77,42.3,6.8,18.4,37,25.4,36,70.6,7.4,30.6,38,17.6,12.2,6.6,3.6,8.6,23.8,25,-4.8,2011,0
Philadelphia 76ers,5,1,4,0.2,48,86.6,33.8,81.6,41.4,6.4,16.4,39,12.6,17.4,72.4,10.6,30,40.6,20.4,10.6,6.4,3.6,6.2,20.4,14.8,-7.4,2011,0
New York Knicks,4,0,4,0,48,90.8,32,83,38.6,8.3,23.8,34.7,18.5,24.8,74.7,14.5,26,40.5,16.8,15.3,6.5,6.8,5,18.8,21,-8.5,2011,0
Orlando Magic,14,10,4,0.714,48.4,96.6,32.8,70.8,46.3,9.9,26.9,36.6,21.1,30.1,70.1,9.3,31.1,40.4,16.9,13.7,6.4,5.5,3.8,22.4,26.1,8.6,2010,0
Los Angeles Lakers,23,16,7,0.696,48,101.1,37.3,81.2,46,6.8,20.7,33,19.6,26,75.4,12.8,30.1,42.9,19.7,12.5,6.7,6.2,4.8,23.2,23.3,3.8,2010,1
Phoenix Suns,16,10,6,0.625,48,107.1,38,79.6,47.7,9.4,24.4,38.4,21.8,28.1,77.3,10.7,29.4,40.1,20.8,12.6,5.9,4.1,5.2,22.4,23.3,4.6,2010,0
Boston Celtics,24,15,9,0.625,48.2,93.9,34.3,75.7,45.3,5.8,16,36.3,19.5,25.8,75.5,8.8,30.3,39.1,21.1,13.9,8,4.6,5.4,24.6,22.7,2.8,2010,0
Cleveland Cavaliers,11,6,5,0.545,48,100.2,34.9,74.5,46.9,7.2,20.6,34.8,23.2,31.3,74.1,8.6,31.1,39.7,21.1,14.9,6.1,6.6,4.2,21.9,24.5,1.3,2010,0
Milwaukee Bucks,7,3,4,0.429,48,90,33.7,79.6,42.4,6.6,21.3,30.9,16,19.9,80.6,11.1,28,39.1,16.3,12.4,6.3,3.3,6.9,21,19.1,-3.7,2010,0
Utah Jazz,10,4,6,0.4,48,107.1,38.1,79.5,47.9,6.5,17.4,37.4,24.4,33.5,72.8,10.9,28.7,39.6,23.8,13.2,5.9,4.4,5.8,27,27.2,-2.2,2010,0
San Antonio Spurs,10,4,6,0.4,48,96.1,36.4,78.5,46.4,4.8,14.2,33.8,18.5,26.6,69.5,10.1,31,41.1,19.2,12.7,6.8,4.3,4.5,21,22.6,-3.4,2010,0
Atlanta Hawks,11,4,7,0.364,48,89.5,33.8,79.6,42.5,4.5,13.6,33.3,17.3,22,78.5,13,26.9,39.9,16.4,11.7,6.4,5.1,4,21.2,20.6,-6.8,2010,0
Denver Nuggets,6,2,4,0.333,48,109.3,37.3,78.5,47.6,6.5,18.2,35.8,28.2,36.8,76.5,10.3,29.3,39.7,19.2,13.7,8.2,4.7,4.3,30.8,27.8,-1.2,2010,0
Oklahoma City Thunder,6,2,4,0.333,48,93.8,30.7,78.5,39.1,5.5,18.5,29.7,27,32.3,83.5,11.7,31.7,43.3,16.2,12.5,6.5,6.2,6.2,22.8,24.8,-1.7,2010,0
Dallas Mavericks,6,2,4,0.333,48,92.8,34,79.3,42.9,6.3,19.3,32.8,18.5,23.3,79.3,12,31.8,43.8,18.5,13,7.5,5,3.2,22.5,19.8,-0.5,2010,0
Portland Trail Blazers,6,2,4,0.333,48,93,33,76.8,43,6.3,16.7,38,20.7,28,73.8,10.8,26.5,37.3,19.5,11,6,4.3,4.2,23.2,24.2,-10.3,2010,0
Chicago Bulls,5,1,4,0.2,48,97,37.8,86.2,43.9,3.2,10.8,29.6,18.2,22.8,79.8,10.8,30.2,41,19,10,5.8,3,8.2,21.4,21,-9.2,2010,0
Miami Heat,5,1,4,0.2,48,87.6,33.6,77.2,43.5,6.8,18.2,37.4,13.6,18.6,73.1,9.4,28.2,37.6,17.6,17.8,7,5,4.4,22.8,18.8,-8.2,2010,0
Charlotte Bobcats,4,0,4,0,48,85.5,31.3,70.5,44.3,4.8,17,27.9,18.3,25.5,71.6,8.5,28,36.5,20.3,15.5,5.5,4.5,6.5,26.8,23.5,-9.3,2010,0
Cleveland Cavaliers,14,10,4,0.714,48.4,97.6,34.8,75.1,46.3,6.6,19.8,33.6,21.4,28.8,74.2,10.1,30.2,40.3,19.1,12.4,6.6,4.6,3.3,20.6,22.6,8.5,2009,0
Los Angeles Lakers,23,16,7,0.696,48.4,102.4,37.4,80.5,46.5,7,18.4,37.7,20.6,27.5,74.7,11.1,30.9,42,19.4,13,7.9,6.3,4.3,23.5,23.1,7.2,2009,1
Denver Nuggets,16,10,6,0.625,48,107.9,37.3,78.4,47.5,8.1,21.1,38.3,25.4,33.4,75.9,10.7,29.6,40.3,22.6,12.1,9.2,5.2,4.4,25.8,25.5,8.6,2009,0
Orlando Magic,24,13,11,0.542,48.6,97,34.5,75.4,45.7,8.4,23.3,36,19.6,27.1,72.2,8.3,30,38.4,18.9,13.2,6.8,4.8,3.8,21.4,24.3,1.8,2009,0
Houston Rockets,13,7,6,0.538,48,91.5,34,76.1,44.7,6.6,20.2,32.8,16.8,21.9,76.8,9.7,30.8,40.5,17,14.2,6.2,3.2,7.1,20.1,21.4,-1.5,2009,0
Dallas Mavericks,10,5,5,0.5,48,101.6,35.6,75.7,47,7.3,20.6,35.4,23.1,28.4,81.3,9.2,31.5,40.7,18.1,13,6.5,3.8,4.1,22.8,23.7,-0.9,2009,0
Boston Celtics,14,7,7,0.5,50.5,102.1,37.4,84.1,44.5,6.7,18.6,36,20.6,26,79.1,10.9,32.4,43.2,22.9,13.6,7.8,4.9,6.5,24.3,22.7,0,2009,0
Chicago Bulls,7,3,4,0.429,53,108.3,38.4,87.1,44.1,7.3,19.3,37.8,24.1,29.9,80.9,10.4,35.1,45.6,19.9,16.1,6.7,8.1,6.7,24.6,23.6,-4.3,2009,0
Miami Heat,7,3,4,0.429,48,88.1,31.3,69.6,45,7.1,20,35.7,18.4,22.6,81.6,8.9,29.9,38.7,15,13.4,6.1,5.7,3.6,22.1,21.3,0.9,2009,0
Atlanta Hawks,11,4,7,0.364,48,84,30.1,73.6,40.9,6.1,17.5,34.7,17.7,23.8,74.4,10.7,24.2,34.9,16.9,12.1,6.9,3.4,5.5,21.4,21.1,-7.1,2009,0
Philadelphia 76ers,6,2,4,0.333,48,88.5,34,75,45.3,5.8,15.8,36.8,14.7,20.7,71,8,28.8,36.8,17.8,14.7,6.2,3,5,23,20.2,-7.7,2009,0
Portland Trail Blazers,6,2,4,0.333,48,87.2,33.3,74.5,44.7,5.5,14.2,38.8,15,19.7,76.3,9.8,26.5,36.3,14.7,11.3,6,7.5,3.3,21.7,20,-5.3,2009,0
New Orleans Hornets,5,1,4,0.2,48,84.2,27.8,70.2,39.6,6,18.4,32.6,22.6,28,80.7,9.2,27.8,37,15.8,18.4,6.6,2.6,5.2,24.8,24.8,-24.2,2009,0
San Antonio Spurs,5,1,4,0.2,48,90.4,35,76.6,45.7,5.8,17.6,33,14.6,20.6,70.9,8.8,28.8,37.6,16,11,5.6,3,4.6,22,18.6,-6,2009,0
Utah Jazz,5,1,4,0.2,48,97.4,35,81,43.2,5,14.6,34.2,22.4,30.2,74.2,13.2,29.4,42.6,25.4,14.6,9.8,3.4,5.6,23.8,24.4,-9.2,2009,0
Detroit Pistons,4,0,4,0,48,78,31.5,77,40.9,3,12.3,24.5,12,14.5,82.8,7.5,26,33.5,16.5,11.3,4.3,3,4.5,23.8,15.8,-15.5,2009,0
Los Angeles Lakers,21,14,7,0.667,48.2,102.4,36.8,78.6,46.8,7,19,36.7,22,29.1,75.3,8.8,30.8,39.6,20.8,13.3,7.2,5.3,4.4,23.3,25,2.2,2008,0
Boston Celtics,26,16,10,0.615,48,94,33.6,75.1,44.7,6,16.8,35.9,20.8,26.6,78.3,11.1,28.9,40,21.5,12.8,7.6,4.3,5,24.3,22.8,5.2,2008,1
Detroit Pistons,17,10,7,0.588,48,91.4,33.9,74.5,45.5,4.5,13.3,34.1,19.1,23.8,80.2,10.6,25.6,36.2,20.5,12.9,7.4,5.8,3.9,23.3,21.8,2.3,2008,0
New Orleans Hornets,12,7,5,0.583,48,96.6,37.6,81,46.4,5.8,14,41.1,15.7,20.3,77.4,10.3,31.8,42.1,19.3,8.8,7.3,5.1,4,20.7,20.7,3.7,2008,0
Cleveland Cavaliers,13,7,6,0.538,48,89.9,31.1,74.1,42,6.7,19.4,34.5,21.1,29.2,72.1,11.8,29.2,40.9,20.2,13.8,6,4.8,4.2,22.1,23.5,2.2,2008,0
San Antonio Spurs,17,9,8,0.529,48.6,94.1,35.5,79.7,44.6,7.5,20.1,37.5,15.5,20.8,74.5,9,32.8,41.8,20.4,12.8,5.3,4.1,5.3,22.5,20.3,-0.9,2008,0
Utah Jazz,12,6,6,0.5,48.4,98.9,36.4,81.8,44.5,5.8,16.7,35,20.3,27,75,14.5,29.8,44.3,21.4,12.9,6.5,5.8,6.5,25.5,22.8,-0.3,2008,0
Orlando Magic,10,5,5,0.5,48,97.1,35.4,75.4,46.9,9,25.3,35.6,17.3,24.3,71.2,11.7,31.2,42.9,17.4,14.5,4.8,4.9,3.4,20.5,22,1.6,2008,0
Atlanta Hawks,7,3,4,0.429,48,87.1,29.3,71.3,41.1,4,12.4,32.2,24.6,31.4,78.2,11.6,26.7,38.3,17.4,15.9,4.3,5.7,5.7,20.1,25,-12,2008,0
Houston Rockets,6,2,4,0.333,48,88,32.2,78.7,40.9,5.8,20,29.2,17.8,26.2,68.2,13,29,42,15.5,10.8,6.8,5.5,6.2,21.2,21.8,-2.5,2008,0
Philadelphia 76ers,6,2,4,0.333,48,85.8,31.2,74.7,41.7,1.8,7.8,23.4,21.7,30,72.2,13.5,24.7,38.2,15.8,14.8,8.8,3.7,6.8,19.2,23.7,-7,2008,0
Washington Wizards,6,2,4,0.333,48,92.2,32,75.2,42.6,6,19.7,30.5,22.2,29,76.4,9.7,27.7,37.3,15.7,12.3,7.2,4.8,4.8,22.8,23.2,-3.3,2008,0
Phoenix Suns,5,1,4,0.2,50,100.4,38,82.4,46.1,5,14.8,33.8,19.4,30.4,63.8,9.4,32.2,41.6,18.8,12.4,5.2,7,5,22.6,27.6,-2,2008,0
Toronto Raptors,5,1,4,0.2,48,99.4,37.2,85.6,43.5,8.4,24,35,16.6,19.2,86.5,9.8,29.4,39.2,24,10,7.2,2.4,5.2,22.8,18,-4.6,2008,0
Dallas Mavericks,5,1,4,0.2,48,94,31.6,78.8,40.1,7.2,20.8,34.6,23.6,30,78.7,14.4,30.8,45.2,19.4,11.6,4,4,5.6,20.6,22.4,-8.8,2008,0
Denver Nuggets,4,0,4,0,48,101.5,37.8,88.5,42.7,4.5,18,25,21.5,29,74.1,16.5,32.3,48.8,18.5,14.5,6.3,4.8,6.3,25.5,22.5,-13.3,2008,0
San Antonio Spurs,20,16,4,0.8,48,95.7,35.3,76.8,45.9,7.6,19.7,38.4,17.6,24.3,72.4,10.5,30.1,40.6,19.9,13.9,7.1,5.5,4.6,20.5,20.8,4,2007,1
Detroit Pistons,16,10,6,0.625,48.6,91.4,32.7,76,43,5.8,16.6,35,20.2,26.3,76.7,11.8,28.8,40.6,20.1,13.3,7.1,4.7,3.7,23.9,22.3,2.9,2007,0
Chicago Bulls,10,6,4,0.6,48,92.4,32.5,75.6,43,5.9,16.6,35.5,21.5,29.5,72.9,11.6,30.3,41.9,20.6,15.3,7,4.2,4.4,22.1,25.5,1.1,2007,0
Cleveland Cavaliers,20,12,8,0.6,48.5,88.8,32.1,76.3,42.1,5.4,16.6,32.6,19.2,26.1,73.7,11.9,31.4,43.3,17.5,13,7.2,3.5,3.8,20.7,21,2.2,2007,0
Phoenix Suns,11,6,5,0.545,48,104.1,39,81.8,47.7,7.1,18.7,37.9,19,24.4,78,9.2,31.2,40.4,23.4,13.8,6.4,5.2,5.3,19.6,22.5,5,2007,0
Utah Jazz,17,9,8,0.529,48.3,97.9,36.4,79.4,45.9,4.3,12.6,34.1,20.8,27.7,74.9,13,31.2,44.2,22.2,16,7.4,4.8,5.5,24.6,23.2,0.9,2007,0
New Jersey Nets,12,6,6,0.5,48,90.2,32.6,73.3,44.4,7.7,20.8,36.8,17.3,23.3,74.3,8.6,31.3,39.8,23,16.1,6.3,2.9,4,21.2,21.4,1.8,2007,0
Golden State Warriors,11,5,6,0.455,48.5,106.6,36.5,81.2,45,11.1,31,35.8,22.5,30.5,73.5,11.5,26.8,38.3,17.2,14.9,10.3,5.5,4.9,26.6,25.1,1.7,2007,0
Houston Rockets,7,3,4,0.429,48,87.3,29.7,72.4,41,7.1,22.3,32.1,20.7,26.3,78.8,9.9,31.7,41.6,18.1,14.9,7,4.1,4.9,19.3,22.9,-3.1,2007,0
Dallas Mavericks,6,2,4,0.333,48,98.5,34.2,80.8,42.3,7,22.2,31.6,23.2,30,77.2,14,30.3,44.3,17.8,16.3,8.3,5,4.3,23.8,24.8,-6.7,2007,0
Toronto Raptors,6,2,4,0.333,48,90.8,32.5,73.5,44.2,5.3,14.5,36.8,20.5,25.5,80.4,7.3,30.5,37.8,16.2,14.7,7.7,4,3.5,21.3,21.3,-5.3,2007,0
Denver Nuggets,5,1,4,0.2,48,88.2,33.6,79.4,42.3,4.6,14.4,31.9,16.4,21,78.1,13,30.4,43.4,17.6,15.2,5.6,4.2,5.2,18,17.8,-6,2007,0
Los Angeles Lakers,5,1,4,0.2,48,98,38,86,44.2,6.4,19.8,32.3,15.6,21.6,72.2,14.2,29.2,43.4,14.4,15.2,5.8,4,4,23,18.6,-10.4,2007,0
Washington Wizards,4,0,4,0,48,91.5,34.3,83,41.3,6.3,20.5,30.5,16.8,21.8,77,10.3,26.3,36.5,18.8,8.8,5.5,3,3.5,21.3,19,-8.8,2007,0
Orlando Magic,4,0,4,0,48,88,34.5,72.3,47.8,2.5,7.3,34.5,16.5,28.5,57.9,11.3,29,40.3,18,14.8,4.3,3.5,4.3,24.3,23,-9,2007,0
Miami Heat,4,0,4,0,48,88.8,33.3,74.8,44.5,5.5,17,32.4,16.8,27.3,61.5,8,28.3,36.3,17.8,14.8,6.3,5.3,4.3,25.3,23.5,-11,2007,0
Miami Heat,23,16,7,0.696,48.2,96.3,34.8,72.4,48.1,6.3,19.1,33.3,20.3,30.9,65.5,9.5,32.5,42,17.5,15.5,7,4.6,2.9,24,25.7,3.8,2006,1
Dallas Mavericks,23,14,9,0.609,48.9,99.7,36.1,80.1,45.1,4.8,15.1,31.7,22.7,28,80.9,12.2,30.5,42.7,15.3,12.8,6.6,4.3,4.8,25.5,24.4,4.1,2006,0
Los Angeles Clippers,12,7,5,0.583,48.8,105.7,39.7,80.8,49.1,4.5,11.9,37.8,21.8,26.8,81.6,11,34.6,45.6,20.8,15.5,5,5.9,4.2,23.9,22.4,3.8,2006,0
Detroit Pistons,18,10,8,0.556,48,91.7,32.1,74.3,43.2,6.9,18.5,37.2,20.6,28.4,72.4,11.3,27.4,38.8,18.7,11.9,6.4,4.1,4.3,20.4,23.8,3.2,2006,0
San Antonio Spurs,13,7,6,0.538,49.2,103.1,36.5,74.1,49.2,6,15.3,39.2,24.2,31.1,77.7,8.2,29,37.2,17.5,13.3,6.5,5.5,4.2,23.7,26.6,2.2,2006,0
Cleveland Cavaliers,13,7,6,0.538,48.8,90.4,33.6,76.8,43.7,4.2,13.2,32,18.9,24.8,76.4,12.5,29.8,42.2,16.2,14.5,6.5,4.2,5.4,24.6,21,-3.2,2006,0
Phoenix Suns,20,10,10,0.5,49,107.2,40.1,83.1,48.2,9.2,23.5,39.1,17.9,21.6,83.1,7.7,29,36.7,23.4,11.6,5.7,4.4,4.3,21.9,21.7,1.2,2006,0
New Jersey Nets,11,5,6,0.455,48,94.2,34.3,75.8,45.2,5.4,17.5,30.7,20.3,26.6,76.1,10,28.6,38.6,22.1,12.7,6.9,2.5,3.7,26.6,24,-0.9,2006,0
Los Angeles Lakers,7,3,4,0.429,49.4,100.6,37.7,83.1,45.4,7.1,21.4,33.3,18,23.6,76.4,11,31.6,42.6,17.1,15,6.4,3.1,3.4,22.9,21.4,-6.7,2006,0
Chicago Bulls,6,2,4,0.333,48,98.3,34,76.3,44.5,7.8,19.8,39.5,22.5,30.3,74.2,8.8,30.5,39.3,18.3,15.8,5.7,3.8,5.3,25.8,26.2,-3,2006,0
Sacramento Kings,6,2,4,0.333,48.8,97.3,34.7,78.2,44.3,5.2,15.7,33,22.8,28.8,79.2,12.3,26,38.3,15.3,13,7.5,2.5,5.7,26,22.8,-9.5,2006,0
Washington Wizards,6,2,4,0.333,49.7,101.7,35.3,78.7,44.9,6.2,19.2,32.2,24.8,33.3,74.5,11.5,27.7,39.2,17.5,12.8,6.8,5.5,4.3,22.7,26.8,0.2,2006,0
Indiana Pacers,6,2,4,0.333,48,89.3,31.2,70.3,44.3,6.7,19.5,34.2,20.3,27.2,74.8,8.3,29,37.3,17.8,15.8,6,4.5,3.2,24.8,25.2,-3.7,2006,0
Milwaukee Bucks,5,1,4,0.2,48,97.6,37.8,80.2,47.1,5.2,12.4,41.9,16.8,21.4,78.5,10.6,26.4,37,21,13.2,6,2.4,4.4,26.8,20,-9.6,2006,0
Denver Nuggets,5,1,4,0.2,48,87.4,32.6,85.8,38,3,13.6,22.1,19.2,26.4,72.7,14,27.8,41.8,19.8,11.8,6.8,4.2,5.8,23.2,27,-7.6,2006,0
Memphis Grizzlies,4,0,4,0,49.3,84.3,30,66.5,45.1,3.8,12,31.3,20.5,28.3,72.6,8.3,26,34.3,14,16,4.8,3.8,4.5,27.5,28,-14,2006,0
Miami Heat,15,11,4,0.733,48.7,98,36,73.1,49.2,6,15.5,38.8,20,29.9,66.8,8.3,33.3,41.6,18.9,15.3,5.5,5.7,3.4,24.5,0,4.3,2005,0
San Antonio Spurs,23,16,7,0.696,48.4,96.9,34.7,76.5,45.4,7.1,18.3,38.9,20.4,28,72.7,12.3,29.7,42.1,18.4,14.5,5.6,5.8,5.9,21.9,0,4.3,2005,1
Detroit Pistons,25,15,10,0.6,48.4,90.3,34.5,79,43.7,4.5,13.9,32.6,16.8,22.6,74.2,12.4,29.9,42.3,20.5,12.2,7.3,6.1,5.5,21,0,4.7,2005,0
Phoenix Suns,15,9,6,0.6,48.3,112,41.8,84.8,49.3,8.6,19.7,43.6,19.8,25.8,76.7,12.1,31.1,43.1,20.5,12.9,6.1,6.3,4.9,20.1,0,4.2,2005,0
Seattle SuperSonics,11,6,5,0.545,48,98.5,35.5,77.5,45.8,4.8,15.7,30.6,22.8,28.5,79.9,12.6,27.6,40.3,16.2,13.8,6.5,4.5,5.1,26.1,0,-1.7,2005,0
Dallas Mavericks,13,6,7,0.462,48.4,105.2,38.1,84.2,45.2,6.6,17.5,37.9,22.4,28.5,78.6,14.4,29.1,43.5,17.5,13.2,7.2,5.1,5.9,22.7,0,-1.6,2005,0
Indiana Pacers,13,6,7,0.462,48.4,84,28.8,73,39.5,5.6,17.8,31.6,20.7,26.4,78.4,10.9,29.2,40.1,18,15.1,8.1,5.9,6.6,22,0,-2.9,2005,0
Houston Rockets,7,3,4,0.429,48,97.6,35,75.1,46.6,7.1,17.7,40.3,20.4,25.9,79,10.7,27,37.7,18,14.3,7.3,5.9,4.9,24.7,0,-2.7,2005,0
Boston Celtics,7,3,4,0.429,48.7,87.7,32.9,74.3,44.2,4.9,14.9,32.7,17.1,22.7,75.5,10.3,29.1,39.4,16.6,15.3,8.4,6.4,6.6,25.4,0,-0.6,2005,0
Washington Wizards,10,4,6,0.4,48,100.4,35.1,82.6,42.5,5.6,18.8,29.8,24.6,33.8,72.8,12.9,29.9,42.8,17.2,13.7,8.2,5.8,5.4,25.4,0,-2.5,2005,0
Chicago Bulls,6,2,4,0.333,48,102.5,35.5,84.7,41.9,9,23.2,38.8,22.5,31.2,72.2,14.2,30.3,44.5,21.7,15.2,6.3,5,6.5,29.2,0,-1.8,2005,0
Philadelphia 76ers,5,1,4,0.2,49,90.8,34.8,79.6,43.7,6.6,19.4,34,14.6,20.4,71.6,9.6,25.2,34.8,19.8,12.8,8.6,4,6.4,21.8,0,-8,2005,0
Sacramento Kings,5,1,4,0.2,48,102.2,38.4,86.2,44.5,5.8,20.8,27.9,19.6,24.6,79.7,13,23,36,20.2,11.2,6.2,4,4.8,25.8,0,-4.4,2005,0
Denver Nuggets,5,1,4,0.2,49,90.2,32.8,78.6,41.7,2.2,8.4,26.2,22.4,30.4,73.7,10.2,29.2,39.4,16.4,13,6.4,5.8,7,27,0,-10.2,2005,0
New Jersey Nets,4,0,4,0,50.5,96.8,33.5,84.8,39.5,6.3,21.5,29.1,23.5,31.3,75.2,13,29.8,42.8,21.3,13,7.5,1.3,3.5,30.8,0,-12.8,2005,0
Memphis Grizzlies,4,0,4,0,48,102.8,41.5,87.8,47.3,7.8,19.8,39.2,12,17,70.6,11.8,27.8,39.5,21,10.8,5.8,4.5,7.8,24.5,0,-11,2005,0
Detroit Pistons,23,16,7,0.696,48.9,87.1,31.4,76.3,41.2,4.2,13.9,30.4,20.1,27.3,73.4,12.9,32,44.8,19.4,14.9,8,7.1,5.1,22.5,0.2,6.4,2004,1
New Jersey Nets,11,7,4,0.636,49.4,88.2,30.8,72.8,42.3,4.5,16.4,27.2,22.1,30.3,73,10.6,32.1,42.7,20.5,18.5,8.6,5.4,5.8,26,0.2,2.5,2004,0
Indiana Pacers,16,10,6,0.625,48,85.5,30.7,75.1,40.8,5.9,17.8,33.3,18.2,24.8,73.3,10.8,31.3,42.1,17.9,13.6,8.7,6.3,6.3,23.5,0.1,4.4,2004,0
San Antonio Spurs,10,6,4,0.6,48,89.3,33.5,76.2,44,6.9,18.9,36.5,15.4,23.9,64.4,12.6,29.7,42.3,19.4,15.5,7.7,4.2,5.2,22.8,0.1,3.1,2004,0
Los Angeles Lakers,22,13,9,0.591,48.5,88.1,33,74.5,44.4,5,15.5,32.1,17.1,27.9,61.2,10.2,30,40.2,22.6,12.6,7.3,4.2,3.4,22.9,0.1,0.9,2004,0
Sacramento Kings,12,7,5,0.583,48.4,95.2,35.3,82.9,42.5,5.8,16.8,34.8,18.8,24.8,75.8,10.9,33.1,44,22.8,14.3,9.4,3.7,6.3,21.1,0,0.1,2004,0
Minnesota Timberwolves,18,10,8,0.556,48.3,91.9,33.9,77.1,44.1,5.9,15.2,38.7,18.2,23.3,78,9.7,32.3,42,19.3,15,6.6,5.2,3.4,24.3,0.1,-0.1,2004,0
Miami Heat,13,6,7,0.462,48,84.1,30.5,74.8,40.8,3.7,13.4,27.6,19.3,25.6,75.4,11.4,30.5,41.8,16.3,14.2,7.5,4.1,5,24.4,0.2,0.2,2004,0
New Orleans Hornets,7,3,4,0.429,48,80.6,29.3,76.3,38.4,5.9,18.6,31.5,16.1,20.7,77.9,12.3,30,42.3,19.3,17.1,6.1,4.6,4,20.9,0.1,-3,2004,0
Dallas Mavericks,5,1,4,0.2,48,99.6,38.2,96.4,39.6,5,17.4,28.7,18.2,23.6,77.1,20.4,31.8,52.2,20.6,13.6,9.2,6.6,4.6,21.6,0,1.4,2004,0
Milwaukee Bucks,5,1,4,0.2,48,85.6,32.4,77.8,41.6,4.8,14.4,33.3,16,21.6,74.1,11.2,28,39.2,20.6,16.4,8.2,4.2,8,22.4,0.2,-12.6,2004,0
Houston Rockets,5,1,4,0.2,49,84.6,31.8,74.4,42.7,4.6,15.2,30.3,16.4,22.8,71.9,9.6,34.8,44.4,17.2,16.8,5.2,3.6,4,22.8,0,-5.4,2004,0
Denver Nuggets,5,1,4,0.2,48,90.6,37.2,87.2,42.7,4.4,13,33.8,11.8,16.8,70.2,14.4,28.8,43.2,20.4,14.2,7.8,2.8,6,24.2,0,-4,2004,0
Memphis Grizzlies,4,0,4,0,48,83.5,30.8,72.5,42.4,3.8,12.8,29.4,18.3,23.5,77.7,9.5,25,34.5,14.5,14.3,9.5,5,6.3,25,0.3,-14,2004,0
New York Knicks,4,0,4,0,48,84,30.8,80,38.4,4.3,14.5,29.3,18.3,25.3,72.3,12.3,26.3,38.5,19.5,16.3,9.3,4,5,28,0,-12.8,2004,0
Boston Celtics,4,0,4,0,48,84.5,28.8,70.5,40.8,5.3,15.8,33.3,21.8,27,80.6,9.3,31.8,41,17.5,19.8,6.5,5,6,20.3,0,-16.8,2004,0
New Jersey Nets,20,14,6,0.7,48.8,93.7,34.2,80.6,42.5,4.7,13.3,35,20.6,27.1,76.2,13.6,31.5,45.1,21.3,15.2,7.5,4.3,6.4,25.1,0.1,3.4,2003,0
San Antonio Spurs,24,16,8,0.667,48.2,94.8,33.8,76.8,44.1,5.3,15.2,35.1,21.8,30.6,71.2,12.1,33.4,45.5,20.7,15.2,7.8,6.9,5.7,21.4,0,5.5,2003,1
Sacramento Kings,12,7,5,0.583,48.8,107.9,39.3,85.5,45.9,6.8,18.4,36.7,22.7,29.2,77.7,12.8,31.5,44.3,22.6,13.4,7.5,4.8,5.6,23,0.1,2.3,2003,0
Los Angeles Lakers,12,6,6,0.5,48.4,100.3,37.3,83.3,44.8,7.1,20,35.4,18.5,26.1,70.9,12.3,30.9,43.3,20.9,13.8,7,5.3,3.8,24,0.1,0.3,2003,0
Dallas Mavericks,20,10,10,0.5,48.5,104.1,38.7,86.1,45,9.2,23.2,39.7,17.5,21.1,82.9,11.2,30.9,42.1,20.4,12.5,6.1,5.2,4.5,24.3,0.1,-0.6,2003,0
Philadelphia 76ers,12,6,6,0.5,48.8,92.1,33.7,75.9,44.3,3.8,10.7,35.2,21,26.2,80.3,12.1,29.8,41.8,18.9,14.8,7.2,2.5,5.4,23.9,0.1,0.8,2003,0
Detroit Pistons,17,8,9,0.471,48.6,89.9,30.2,73.8,41,6.7,19.1,35.2,22.8,30.7,74.1,10.8,28.3,39.1,17.8,13.4,8,5.9,3.8,23.5,0,0.9,2003,0
Orlando Magic,7,3,4,0.429,48,87.6,31,73.1,42.4,5.1,16.3,31.6,20.4,26.1,78.1,9.9,28.3,38.1,16,15.3,5.3,4,5.4,29.9,0,-7.3,2003,0
Portland Trail Blazers,7,3,4,0.429,48,101.3,36.4,79,46.1,6.3,17,37,22.1,29.4,75.2,15,29.7,44.7,23.3,13.7,6.3,3,4.3,22.6,0.1,1,2003,0
Boston Celtics,10,4,6,0.4,49.5,94.6,33.4,79.1,42.2,8.6,24.3,35.4,19.2,24,80,8.8,31.9,40.7,20.7,14.8,8.6,4.3,4.3,25.9,0.1,-0.6,2003,0
Minnesota Timberwolves,6,2,4,0.333,48.8,100.5,37.5,81,46.3,4.7,14,33.3,20.8,25.8,80.6,8.8,33.3,42.2,22,15.8,6.8,3.5,5.7,24.2,0,-6.3,2003,0
Phoenix Suns,6,2,4,0.333,48.8,85.2,32.3,83.7,38.6,4.7,15.7,29.8,15.8,22.2,71.4,13.3,29.7,43,16.2,16.2,9.5,5.8,6.8,29.2,0,-5.3,2003,0
Indiana Pacers,6,2,4,0.333,48.8,91.2,30.2,77.7,38.8,5.2,17.7,29.2,25.7,32.5,79,13.2,33.7,46.8,19.8,14.2,7,5.8,4,23.5,0,-5.7,2003,0
New Orleans Hornets,6,2,4,0.333,48,92.8,33.8,77.2,43.8,6.3,17.2,36.9,18.8,25.3,74.3,12.3,26.8,39.2,20,14.7,7.3,5,2.3,25.5,0.3,-1.7,2003,0
Milwaukee Bucks,6,2,4,0.333,48.8,97.8,36.5,79.5,45.9,6.3,17,37.3,18.5,24.8,74.5,8.3,27,35.3,20.2,13.3,7.2,3.8,3.2,27.3,0,-4.3,2003,0
Utah Jazz,5,1,4,0.2,48,93,33.8,77.8,43.4,1.8,6.8,26.5,23.6,30,78.7,14,25.2,39.2,21,16.4,7.2,5.6,5.8,24.8,0.2,-10.6,2003,0
Los Angeles Lakers,19,15,4,0.789,48.3,97.8,35.7,80.5,44.4,6.1,18,33.9,20.3,28.1,72.1,12.3,33.2,45.4,19.6,13.7,6.8,5.8,4.4,23.6,0.1,3.8,2002,1
Sacramento Kings,16,10,6,0.625,48.6,101.1,36.9,82.4,44.8,5,16.2,30.9,22.2,29.9,74.1,12.9,32.6,45.6,20.6,14.8,7.5,4.7,5.4,23.8,0.1,2.3,2002,0
Boston Celtics,16,9,7,0.563,48,91.3,32.8,78.4,41.8,7.9,22.9,34.3,17.8,22.9,77.4,10.6,32.7,43.3,18.8,14.1,8.9,4.8,4.9,22.9,0,2.8,2002,0
New Jersey Nets,20,11,9,0.55,48.5,95.4,35.9,82.9,43.2,4.2,14.6,28.5,19.5,26.9,72.6,12.4,30.4,42.7,21.3,14.2,7.9,5.5,6.3,24.5,0.1,-0.1,2002,0
Dallas Mavericks,8,4,4,0.5,48.6,109,39.8,88,45.2,8.4,22.1,37.9,21.1,25.3,83.7,10.9,31,41.9,19.6,12.5,6.3,4.6,4.1,25.8,0.3,0.3,2002,0
Charlotte Hornets,9,4,5,0.444,49.1,96.1,34.1,81,42.1,4.4,12.2,36.4,23.4,32.3,72.5,14.7,31.6,46.2,19.6,14.8,8.9,7.3,5.2,27.4,0.1,0,2002,0
Indiana Pacers,5,2,3,0.4,50,91.6,34.8,76,45.8,4.8,11.8,40.7,17.2,22.6,76.1,8.4,33.8,42.2,21.2,18.2,8.2,4,6.4,25,0,0.2,2002,0
Toronto Raptors,5,2,3,0.4,48,83.8,32.6,77.2,42.2,3.4,10.6,32.1,15.2,20.6,73.8,12.4,30,42.4,21,16,8,5.2,5.2,23.4,0.2,-2.8,2002,0
Philadelphia 76ers,5,2,3,0.4,48,89,30.4,73.6,41.3,4,13,30.8,24.2,32,75.6,12.6,28.6,41.2,19.4,14.4,9,4,4.6,18.6,0,-8.8,2002,0
Seattle SuperSonics,5,2,3,0.4,48,86.2,34.2,79.6,43,4.8,12.2,39.3,13,19,68.4,11.4,28.8,40.2,17.4,10.6,4,4.8,7.8,23.4,0,-10.2,2002,0
Detroit Pistons,10,4,6,0.4,48,83,29.4,73.6,39.9,8,22.6,35.4,16.2,22.4,72.3,9.6,28.1,37.7,18.7,14.6,7.3,5.6,4.4,21,0.1,-0.4,2002,0
San Antonio Spurs,10,4,6,0.4,48,91.1,32.9,76.2,43.2,5,14.7,34,20.3,26.6,76.3,11.1,29.9,41,16.9,11.1,6.1,6.5,5,20.4,0.1,3,2002,0
Utah Jazz,4,1,3,0.25,48,88,33,79.5,41.5,3.5,11.5,30.4,18.5,27,68.5,15.3,28,43.3,23,16.5,9,7,5,26,0.3,-1,2002,0
Orlando Magic,4,1,3,0.25,50.5,93.8,33.3,78.5,42.4,4.3,16.5,25.8,23,31,74.2,9,30.5,39.5,19.5,12,5.5,3.8,6,25.8,0,-5,2002,0
Portland Trail Blazers,3,0,3,0,48,91.3,31.3,82,38.2,6.7,18,37,22,27.7,79.5,12,32,44,20.7,14.7,8.3,3,6.3,27,0.3,-5.3,2002,0
Minnesota Timberwolves,3,0,3,0,48,102,36,81,44.4,5,12.7,39.5,25,34.7,72.1,14.3,35,49.3,16,15.7,5.7,2.7,5.3,27,0.7,-10.7,2002,0
Los Angeles Lakers,16,15,1,0.938,48.3,103.4,38.3,81.8,46.8,6.1,15.9,38.6,20.8,30.7,67.6,14.3,33.9,48.2,22.8,14,9.2,5.8,5.8,22.7,0,12.8,2001,1
Charlotte Hornets,10,6,4,0.6,48,95.7,33.9,78.1,43.4,4.4,12,36.7,23.5,31.4,74.8,13.2,29.9,43.1,19.7,12.1,8.6,4.6,6.9,20.9,0,6.3,2001,0
Milwaukee Bucks,18,10,8,0.556,48.3,95.7,35,80.6,43.4,6.7,17.6,38.3,18.9,23.7,80,12.8,31.9,44.8,21.9,13,5.9,6.8,4.8,23.8,0,1.4,2001,0
San Antonio Spurs,13,7,6,0.538,48,91.5,33.4,76.1,43.9,5.5,15.2,36.4,19.2,26.8,71.6,10.7,32.9,43.6,19.6,13.9,6.1,6,5.5,20.7,0,-0.4,2001,0
Philadelphia 76ers,23,12,11,0.522,48.2,92.3,34,80.8,42.1,3.8,11.4,33.6,20.4,26.9,76.1,14.1,29.7,43.9,20,12.4,8,4.9,6.8,20.7,0,-0.1,2001,0
Toronto Raptors,12,6,6,0.5,48,92.2,35.3,79.5,44.3,5.9,15.1,39.2,15.8,20.8,75.6,11.9,26.8,38.8,22.4,13.6,7.8,6.1,4.8,21.4,0,0.9,2001,0
Utah Jazz,5,2,3,0.4,48,89.6,33,77.8,42.4,3.6,11,32.7,20,25.8,77.5,12.6,29.4,42,23.2,12.2,5.2,5.2,5.4,26.8,0,-4.2,2001,0
New York Knicks,5,2,3,0.4,48,89,33.4,71.4,46.8,4,11.8,33.9,18.2,23.4,77.8,7.8,28.6,36.4,15.6,14.6,6.2,3.8,5.2,24.2,0,-3.2,2001,0
Dallas Mavericks,10,4,6,0.4,48,92.2,32.2,80.8,39.9,6.1,17.2,35.5,21.7,25.6,84.8,12.2,28.8,41,17,11.6,5.9,5.5,5.3,23.4,0,-3.7,2001,0
Sacramento Kings,8,3,5,0.375,48,97.6,34.6,86,40.3,5,14.3,35.1,23.4,28.6,81.7,15.1,32.5,47.6,16.8,16.6,8.1,5.3,5.6,24.3,0,0.1,2001,0
Minnesota Timberwolves,4,1,3,0.25,48,82,30.8,79.5,38.7,3,10,30,17.5,21.5,81.4,11,31.5,42.5,18.5,12.8,7.5,5.8,4.5,24.3,0,-6.5,2001,0
Phoenix Suns,4,1,3,0.25,48,88.5,34,89.5,38,4.3,17,25,16.3,22.8,71.4,13.5,30.8,44.3,21.3,13.8,9.8,5.8,5.3,23.5,0,-9.5,2001,0
Indiana Pacers,4,1,3,0.25,48,87.3,32.8,82.3,39.8,6.3,18.3,34.2,15.5,18.8,82.7,11.8,28,39.8,20.8,12.5,4.8,4.5,5.8,23.5,0,-6.3,2001,0
Orlando Magic,4,1,3,0.25,49.3,102.8,39,89.8,43.5,8,20.5,39,16.8,24.5,68.4,13.5,30.3,43.8,22,11.3,8,6.3,5.3,26.5,0,-5.8,2001,0
Portland Trail Blazers,3,0,3,0,48,89,32,76.3,41.9,5.3,20.3,26.2,19.7,26,75.6,9.7,28,37.7,16.3,15,6.3,4.7,2,21.3,0,-14.7,2001,0
Miami Heat,3,0,3,0,48,78.3,29.7,72.3,41,5.3,16.7,32,13.7,19.3,70.7,7.3,27.7,35,16.7,18.7,5,5,4,25.3,0,-22.3,2001,0
Los Angeles Lakers,23,15,8,0.652,48.2,99.8,37.3,80.4,46.5,5.4,15.4,34.9,19.7,31.6,62.3,13.2,30.1,43.3,21.8,12.1,6.6,6.1,3.7,25.3,2.1,2.3,2000,1
Portland Trail Blazers,16,10,6,0.625,48,92.5,32.4,73.1,44.4,5.4,14.6,37.2,22.2,28.3,78.5,9.8,28.4,38.2,19.3,12.7,7.4,3.8,5.4,25.2,1.6,4.8,2000,0
Miami Heat,10,6,4,0.6,48.5,83.2,30.9,73.7,41.9,4.7,14.9,31.5,16.7,24.2,69,10.5,32.9,43.4,19.1,13.9,7.2,5.1,3.3,26,2,2.5,2000,0
Indiana Pacers,23,13,10,0.565,48.2,98.1,35,78.9,44.3,7.1,18.8,37.9,21,25.4,82.7,10.1,30.4,40.5,20.3,11.6,5.4,4.7,4.4,23.4,1.7,2.7,2000,0
New York Knicks,16,9,7,0.563,48.3,84.4,31.2,72.4,43.1,4.5,11.4,39.3,17.6,23,76.4,8.1,30.4,38.4,14.6,11.8,6.5,4.1,4.3,22.9,2,-1.1,2000,0
Philadelphia 76ers,10,5,5,0.5,48.5,94.2,34.2,80,42.8,3.9,12.3,31.7,21.9,29.5,74.2,13.5,28.9,42.4,19.1,12.7,6.5,4.5,6.1,22.6,1.9,-1.3,2000,0
Phoenix Suns,9,4,5,0.444,48,87.3,33.4,82.2,40.7,4.7,16.8,27.8,15.8,22.6,70,13.9,31,44.9,21,15.2,8.1,6.2,6.9,27.4,1.9,-3.7,2000,0
Utah Jazz,10,4,6,0.4,48,88.3,33.1,74.6,44.4,4.6,12.3,37.4,17.5,23.7,73.8,10.3,30,40.3,23.6,14.9,6.9,5.4,3.8,25,2.6,-4.9,2000,0
Sacramento Kings,5,2,3,0.4,48,96.4,33.6,81,41.5,6.6,17.4,37.9,22.6,30,75.3,11.8,29.4,41.2,16.6,12,6.8,3.6,6.4,22,1.2,-8,2000,0
Milwaukee Bucks,5,2,3,0.4,48,96,37.8,82.6,45.8,3.6,11.6,31,16.8,22,76.4,11.4,31.4,42.8,20.6,11.8,6.6,5.6,3.4,25,2.2,1.8,2000,0
Seattle SuperSonics,5,2,3,0.4,48,93.2,34.8,79.6,43.7,7,16.4,42.7,16.6,23.2,71.6,12.4,28.6,41,19.8,14.6,8.2,3.4,5.8,21.8,2,-1.2,2000,0
San Antonio Spurs,4,1,3,0.25,48,81.8,28.3,76,37.2,3,11,27.3,22.3,30.5,73,12.3,34,46.3,15,16.3,8.5,7.5,9.8,20.8,2.5,-1.3,2000,0
Minnesota Timberwolves,4,1,3,0.25,48,85.3,34.3,76.5,44.8,3,9.8,30.8,13.8,17.5,78.6,10.3,24.8,35,23.5,11.8,6,4,3.8,23.8,2.3,-2,2000,0
Charlotte Hornets,4,1,3,0.25,49.3,91.3,32.3,75,43,4.5,15,30,22.3,27,82.4,13.5,30.5,44,22.8,15.5,8.3,5.8,6,22,1,-2.8,2000,0
Detroit Pistons,3,0,3,0,48,79.7,28,69.3,40.4,4.3,11.7,37.1,19.3,27,71.6,6,28.3,34.3,14.7,17,6,1.7,7.3,24.7,5.7,-10.3,2000,0
Toronto Raptors,3,0,3,0,48,83.7,27.7,74,37.4,4.3,15.7,27.7,24,31,77.4,13,29.7,42.7,19,14.3,9,4.3,5,26,1.3,-4,2000,0
San Antonio Spurs,17,15,2,0.882,48,88.4,31.6,70.1,45.1,4.1,11.8,35,21.1,28.5,74.2,9.8,30.4,40.2,21.3,14.9,7.3,5.8,4.3,21.8,0.2,7.2,1999,1
Indiana Pacers,13,9,4,0.692,48.4,93.6,32.8,74.2,44.1,6.5,18,36.3,21.5,28.2,76.3,11.6,29.8,41.5,20.7,15.8,6.6,5.2,4.5,25.9,0.2,3.6,1999,0
New York Knicks,20,12,8,0.6,48,85,31.9,74.3,42.9,3.2,11.4,28.1,18.1,23.9,75.7,10.2,29.1,39.3,15,13.4,7.6,3.9,4.6,25.5,0.3,2,1999,0
Portland Trail Blazers,13,7,6,0.538,48,86.2,29.4,69.4,42.4,3.8,11.1,34,23.6,31.4,75.2,9.8,28.9,38.8,18.2,14.1,7.7,4.2,5.5,23.9,0.3,-0.5,1999,0
Utah Jazz,11,5,6,0.455,48.9,89.2,32.4,75,43.2,2.9,9.6,30.2,21.5,28.3,76.2,11.2,31.5,42.6,22,15.5,7.7,4.7,4.1,27.1,0.5,1.8,1999,0
Miami Heat,5,2,3,0.4,48,79,27.2,68,40,5.6,18.6,30.1,19,27,70.4,8.2,27.4,35.6,16.4,12.6,7.2,4.4,3,20.6,0.2,-4,1999,0
Sacramento Kings,5,2,3,0.4,50,90.6,32.4,79.6,40.7,6.2,22.2,27.9,19.6,26.4,74.2,12.8,28.6,41.4,18.2,17.8,10.6,4.4,4,23.8,0.4,-4.8,1999,0
Detroit Pistons,5,2,3,0.4,48,79.2,32.2,75,42.9,3.4,9.4,36.2,11.4,14.4,79.2,11.2,24,35.2,17.8,11.8,7.2,1.8,4.6,22.6,0.2,-3,1999,0
Philadelphia 76ers,8,3,5,0.375,48,89.3,34.6,82.1,42.2,2.5,10.5,23.8,17.5,24.5,71.4,16.9,27.5,44.4,19,13.3,10.4,5.1,4.9,25.5,0,0.5,1999,0
Los Angeles Lakers,8,3,5,0.375,48,94,35.3,79.6,44.3,4.8,15.6,30.4,18.8,29.3,64.1,12.1,28.3,40.4,19.5,14,6.6,6.4,4.1,25.3,0.3,-2.9,1999,0
Atlanta Hawks,9,3,6,0.333,48,79.7,28.6,74.6,38.3,4.8,15.3,31.2,17.8,23.1,76.9,12,26.9,38.9,13.9,14.3,8.1,4,2.9,19.4,0.4,-2.8,1999,0
Orlando Magic,4,1,3,0.25,48,86.3,27.8,73.8,37.6,6.8,21.8,31,24,32.3,74.4,14.5,25,39.5,19.8,19,9,3.8,6.8,23.5,0,-6.3,1999,0
Minnesota Timberwolves,4,1,3,0.25,48,80.5,32,80.8,39.6,2.5,8,31.3,14,18.3,76.7,14.3,29.3,43.5,18.8,14.5,6.5,6,5.8,24,0.3,-6.3,1999,0
Houston Rockets,4,1,3,0.25,48,97,33.8,81.3,41.5,7.8,21.3,36.5,21.8,28.5,76.3,13.3,32.5,45.8,20.5,13.3,7.5,4.5,8.5,26,0,-2.3,1999,0
Milwaukee Bucks,3,0,3,0,49.7,95.3,34,75,45.3,4.7,14,33.3,22.7,29.3,77.3,11,27,38,20,16.3,8.3,5,5,30,1,-10.3,1999,0
Phoenix Suns,3,0,3,0,48,92.3,34.7,80.7,43,7,18.7,37.5,16,21.7,73.8,10.3,22.7,33,22.3,14,10.3,2.3,5.7,29,0,-10.3,1999,0
Chicago Bulls,21,15,6,0.714,48.5,93.1,34.1,76.7,44.5,4.2,13,32.4,20.7,28.1,73.4,14,27,41,20.5,12.6,9,4.5,3.1,22.8,0.2,7,1998,1
Utah Jazz,20,13,7,0.65,48.5,89,33.4,73.4,45.5,3.3,9.4,35.3,19,25.5,74.5,9.7,30.1,39.8,22.3,14.4,6.5,4.9,5.5,26,0.3,2.1,1998,0
Indiana Pacers,16,10,6,0.625,48.3,91.8,32,69.6,46,5.4,14.5,37.5,22.3,29.4,76,9.3,26,35.3,19.1,14.6,7.2,4.9,3.6,24.8,0.2,2.3,1998,0
Los Angeles Lakers,13,7,6,0.538,48,100.2,35.6,75.1,47.4,6,17.5,34.4,23,35.4,65,13.4,26.7,40.1,22.7,12.9,7.4,7.8,5.8,24.6,0.2,1.2,1998,0
Charlotte Hornets,9,4,5,0.444,48,82.8,33.1,72.9,45.4,3.6,11.1,32,13,19,68.4,9.1,27,36.1,21.2,14.1,6.4,2.8,4.4,21.6,0.3,-6,1998,0
San Antonio Spurs,9,4,5,0.444,48.6,91.8,33.3,72.1,46.2,3.9,12.9,30.2,21.2,30.8,69,11,32.6,43.6,17.3,14.4,5.7,7,4.3,22.1,0.2,3.2,1998,0
Seattle SuperSonics,10,4,6,0.4,48,95.2,35.6,78.3,45.5,6.6,19.2,34.4,17.4,23.1,75.3,12.7,26.1,38.8,22,12.7,8.7,4.3,6.2,23.5,0.3,-2.4,1998,0
Miami Heat,5,2,3,0.4,48,87.4,30,69.6,43.1,7.2,20,36,20.2,29.6,68.2,8.2,28.6,36.8,16.4,13.6,6.8,3.8,1.4,25.4,0.4,-2.2,1998,0
Houston Rockets,5,2,3,0.4,48,84.6,29,75.4,38.5,4.8,18.6,25.8,21.8,29.8,73.2,11.2,31.2,42.4,16.2,13,7.2,5,5.8,23.8,0.2,-6.8,1998,0
Minnesota Timberwolves,5,2,3,0.4,48,90.2,33.2,79.8,41.6,7.4,19.6,37.8,16.4,20.4,80.4,13.6,25.8,39.4,23.2,14,7.4,3.6,3.8,22.6,0.6,-5.8,1998,0
New York Knicks,10,4,6,0.4,48.5,88.6,32.2,73.8,43.6,5.3,13.6,39,18.9,24.7,76.5,10.5,29.2,39.7,18.8,16.1,8.6,2,4.1,26.8,0.2,-2.2,1998,0
Phoenix Suns,4,1,3,0.25,48,93,37,85.3,43.4,4.3,12.8,33.3,14.8,21.3,69.4,12,28.5,40.5,19.8,11,8.5,4,7.3,25,0,-7.5,1998,0
Portland Trail Blazers,4,1,3,0.25,48,99.8,36,79.5,45.3,5.8,15.3,37.7,22,28.5,77.2,14,27.8,41.8,24,16.3,7,5.3,8.5,29.8,0,-4.3,1998,0
Cleveland Cavaliers,4,1,3,0.25,48,80.8,26.8,61.5,43.5,1.8,6,29.2,25.5,35.3,72.3,10,24.5,34.5,18.5,18.3,8.5,3,7.8,23.8,0.3,-8,1998,0
Atlanta Hawks,4,1,3,0.25,48,87.5,32.8,73,44.9,6.8,18,37.5,15.3,22.3,68.5,11,29,40,17,12.8,7.8,4.8,2.8,23.5,0,1.5,1998,0
New Jersey Nets,3,0,3,0,49.7,95,37,78.7,47,2.3,7.3,31.8,18.7,24.7,75.7,12.3,27,39.3,16.7,13.3,7,3.3,4.3,26,0,-7.7,1998,0
Chicago Bulls,19,15,4,0.789,49.3,92.5,34.7,80.2,43.2,6.1,19.2,31.9,17.1,23.2,73.5,14.9,28.6,43.5,20.7,12.4,8.5,4.8,4.2,24.3,8.6,5.5,1997,1
Utah Jazz,20,13,7,0.65,49.9,96.1,33.7,74.5,45.2,5,13.5,36.7,23.8,30.4,78.4,11.4,30.4,41.8,21.8,13.4,7.4,4.9,5.7,24.8,10.9,3.3,1997,0
New York Knicks,10,6,4,0.6,49.8,91.2,34.3,73.5,46.7,5.5,14.8,37.2,17.1,22.2,77,9.7,29.8,39.5,21.1,15.7,8.7,3.5,4.9,23.4,11.5,1.7,1997,0
Houston Rockets,16,9,7,0.563,49.7,101.3,35.3,77.1,45.8,8.9,24.5,36.2,21.8,28.4,76.7,12.3,29.3,41.5,23.1,15.2,7.7,4.4,4.2,21.9,9.8,1.8,1997,0
Seattle SuperSonics,12,6,6,0.5,50.6,105.1,36.8,82.8,44.4,8.3,21.8,38.3,23.3,28.5,81.6,13.9,28.8,42.8,23.4,13.6,10.2,4.1,4.1,23.5,10.4,4.5,1997,0
Miami Heat,17,8,9,0.471,49.6,85.9,29.5,72.1,40.9,8.4,23.8,35.1,18.5,26.8,69.2,11.1,30.2,41.3,17.2,16.2,6.7,5.1,4.4,22.4,9.2,0.2,1997,0
Los Angeles Lakers,9,4,5,0.444,50.7,95.2,32.2,72.1,44.7,4.9,15.2,32.1,25.9,35,74,11.2,27.7,38.9,20.6,13.3,6.8,6.1,5.3,26.6,10.7,1.1,1997,0
Detroit Pistons,5,2,3,0.4,49.9,85.6,32.4,74.8,43.3,5.6,17,32.9,15.2,19.8,76.8,8.6,23.2,31.8,13.6,9.6,7,2.4,4.6,20.2,10.8,-2,1997,0
Orlando Magic,5,2,3,0.4,49.7,84.2,29.8,73,40.8,5.8,18,32.2,18.8,25.2,74.6,9.6,28,37.6,13.2,12.4,6.4,5.2,5.6,19,10,-7.8,1997,0
Phoenix Suns,5,2,3,0.4,50.6,100.2,34.4,82.6,41.6,10.2,29,35.2,21.2,27.8,76.3,10,30.4,40.4,22.8,16.2,8.2,5.2,4.8,22,13.4,-12.6,1997,0
Atlanta Hawks,10,4,6,0.4,49.5,89,30.9,70.8,43.6,6.9,21.9,31.5,20.3,26.1,77.8,11,29,40,15.4,16.1,4.5,4.3,3.5,20,9.9,-2.9,1997,0
Portland Trail Blazers,4,1,3,0.25,50.4,89.8,32.8,73,44.9,4.5,17,26.5,19.8,27.3,72.5,11.8,25.3,37,19.8,15.5,5.5,4.3,5.3,28.8,12.5,-7,1997,0
Washington Bullets,3,0,3,0,50.4,95,34,71.7,47.4,4.3,10.3,41.9,22.7,29,78.2,11.3,24.3,35.7,17,18.7,4.7,6.3,4.3,25.7,16.7,-6,1997,0
Los Angeles Clippers,3,0,3,0,50.9,92.3,32.7,75,43.6,6,18,33.3,21,28.7,73.3,10.3,23,33.3,16.3,12,6.7,4.3,5.3,29,18.3,-12.7,1997,0
Charlotte Hornets,3,0,3,0,50.1,95.7,36.3,80.3,45.2,6.3,17,37.3,16.7,20.7,80.6,12.7,24.3,37,18.3,13.3,6.7,3,3.3,21,12,-8.7,1997,0
Minnesota Timberwolves,3,0,3,0,49.8,99.7,40,88.7,45.1,6.3,16.7,38,13.3,18,74.1,14,24.7,38.7,24,9.3,7.7,4,4,23.3,14,-11.3,1997,0